{
"Amapá": [1.2002534873192547, -51.89335717740169],
"Amazonas": [-3.7015892130931785, -64.49246829638064],
"Roraima": [2.103402, -61.286413],
"Pará": [-6.377257040977927, -52.633436178901846],
"Acre": [-9.571962018834292, -69.88445040822994],
"Maranhão": [-5.665888757924238, -45.430177145896316],
"Piauí": [-8.042095246572385, -42.84940588060046],
"Ceará": [-4.648002472677272, -39.67449625803524],
"Rio Grande do Norte": [-5.7729360080350265, -36.608385878520444],
"Paraíba": [-7.1625764610277445, -36.769760109021234],
"Pernambuco": [-8.1222097685088, -38.32971100386208],
"Alagoas": [-9.610328058454892, -36.44701164801968],
"Sergipe": [-10.457818047188526, -37.36146562085741],
"Bahia": [-12.09310603526205, -41.82615266471228],
"Tocantins": [-9.76939996229746, -48.388704705077245],
"Rondônia": [-10.880708874369631, -62.91238545014725],
"Mato Grosso": [-12.671045481935046, -55.758127897946096],
"Goiás": [-16.672400971932657, -50.07846131481276],
"Distrito Federal": [-15.850745336048348, -47.85079060340798],
"Minas Gerais": [-18.471696324819195, -45.322594236643674],
"Mato Grosso do Sul": [-19.995310124792088, -55.058839476857266],
"Espírito Santo": [-19.773648953742082, -40.59540755497811],
"Rio de Janeiro": [-22.153466891751183, -42.364066677462745],
"São Paulo": [-22.05379090177122, -48.926618717827715],
"Paraná": [-24.719563848566892, -51.72377204650786],
"Santa Catarina": [-26.946490097841767, -50.86310948383704],
"Rio Grande do Sul": [-29.224206446400345, -52.960974480347154]
}